<application>
  <component name="GitRememberedInputs">
    <option name="visitedUrls">
      <list>
        <UrlAndUserName>
          <option name="url" value="https://github.com/xfwangmm/LeetCodeNotes.git" />
          <option name="userName" value="" />
        </UrlAndUserName>
        <UrlAndUserName>
          <option name="url" value="http://github.com" />
          <option name="userName" value="xfwangmm" />
        </UrlAndUserName>
        <UrlAndUserName>
          <option name="url" value="https://github.com/xfwangmm/EasyOffer.git" />
          <option name="userName" value="" />
        </UrlAndUserName>
      </list>
    </option>
    <option name="cloneParentDir" value="D:\workspace" />
  </component>
</application>