<application>
  <component name="VimSettings">
    <state version="4" enabled="false" />
    <globalmarks />
    <filemarks>
      <file name="G:/WorkSpace/JavaWeb/hrms/src/main/java/com/xf/hrms/controller/AdminController.java" timestamp="1551083604982">
        <mark key="[" line="20" column="3" />
        <mark key="]" line="13" column="14" />
        <mark key="." line="13" column="14" />
        <mark key="^" line="13" column="14" />
      </file>
      <file name="G:/WorkSpace/JavaWeb/hrms/src/test/java/com/xf/hrms/test/AdminControllerTest.java" timestamp="1551084879798">
        <mark key="[" line="33" column="53" />
        <mark key="]" line="36" column="26" />
        <mark key="^" line="36" column="26" />
        <mark key="." line="36" column="26" />
      </file>
      <file name="G:/WorkSpace/JavaWeb/hrms/src/main/webapp/WEB-INF/web.xml" timestamp="1551084572644">
        <mark key="'" line="65" column="0" />
        <mark key="[" line="62" column="18" />
        <mark key="]" line="62" column="18" />
        <mark key="." line="62" column="18" />
      </file>
      <file name="G:/WorkSpace/JavaWeb/hrms/src/main/java/com/xf/hrms/domain/department.java" timestamp="1550923525045">
        <mark key="[" line="8" column="52" />
        <mark key="]" line="8" column="0" />
        <mark key="." line="8" column="0" />
      </file>
      <file name="G:/WorkSpace/JavaWeb/hrms/src/main/resources/log4j.properties" timestamp="1550988884416">
        <mark key="[" line="7" column="0" />
        <mark key="]" line="7" column="0" />
        <mark key="." line="7" column="0" />
      </file>
      <file name="G:/WorkSpace/JavaWeb/hrms/src/main/java/com/xf/hrms/service/AdminServiceImpl.java" timestamp="1551003935279">
        <mark key="[" line="39" column="15" />
        <mark key="]" line="39" column="15" />
        <mark key="." line="39" column="15" />
        <mark key="^" line="35" column="37" />
      </file>
      <file name="/a.sql" timestamp="1551005298363">
        <mark key="[" line="0" column="0" />
      </file>
      <file name="/hrms.post [@localhost]" timestamp="1551005422844">
        <mark key="[" line="0" column="0" />
      </file>
      <file name="G:/WorkSpace/JavaWeb/hrms/src/main/resources/mappers/AdminMapper.xml" timestamp="1550988322229">
        <mark key="[" line="4" column="38" />
        <mark key="]" line="4" column="38" />
        <mark key="." line="4" column="38" />
      </file>
      <file name="$APPLICATION_CONFIG_DIR$/consoles/db/e89160bf-e4b5-4ccc-8eb7-38d1c7bae429/console.sql" timestamp="1551005326500">
        <mark key="[" line="22" column="22" />
      </file>
      <file name="/dummy.sql" timestamp="1551005423025">
        <mark key="[" line="0" column="0" />
      </file>
      <file name="G:/WorkSpace/JavaWeb/hrms/src/main/java/com/xf/hrms/utils/DateUtils.java" timestamp="1551010819956">
        <mark key="[" line="12" column="0" />
        <mark key="]" line="12" column="0" />
        <mark key="." line="12" column="0" />
      </file>
      <file name="/Dummy.txt" timestamp="1551081420293">
        <mark key="[" line="0" column="0" />
      </file>
      <file name="G:/WorkSpace/JavaWeb/hrms/src/main/webapp/index.jsp" timestamp="1551084540351">
        <mark key="'" line="10" column="16" />
        <mark key="[" line="10" column="14" />
        <mark key="]" line="10" column="15" />
        <mark key="." line="10" column="15" />
      </file>
      <file name="G:/WorkSpace/JavaWeb/SpringTest/pom.xml" timestamp="1547271168576">
        <mark key="[" line="9" column="0" />
      </file>
      <file name="G:/WorkSpace/JavaWeb/hrms/src/main/webapp/views/employeeManage.jsp" timestamp="1551081394568">
        <mark key="[" line="376" column="0" />
        <mark key="]" line="377" column="0" />
        <mark key="." line="377" column="0" />
      </file>
      <file name="G:/WorkSpace/JavaWeb/hrms/src/main/java/com/xf/hrms/dao/AdminDao.java" timestamp="1550988087541">
        <mark key="[" line="52" column="3" />
        <mark key="]" line="41" column="15" />
        <mark key="^" line="41" column="15" />
        <mark key="." line="41" column="15" />
      </file>
      <file name="G:/WorkSpace/JavaWeb/hrms/ReadMe.md" timestamp="1551084597562">
        <mark key="[" line="141" column="18" />
        <mark key="]" line="141" column="18" />
        <mark key="^" line="140" column="38" />
        <mark key="." line="141" column="18" />
      </file>
      <file name="G:/WorkSpace/JavaWeb/hrms/src/main/resources/spring/spring-mybatis.xml" timestamp="1550989681063">
        <mark key="[" line="12" column="48" />
        <mark key="]" line="12" column="48" />
        <mark key="." line="12" column="48" />
        <mark key="^" line="12" column="31" />
      </file>
      <file name="G:/WorkSpace/JavaWeb/hrms/src/main/resources/mybatis-config.xml" timestamp="1550988591438">
        <mark key="[" line="6" column="3" />
        <mark key="]" line="6" column="3" />
        <mark key="." line="6" column="3" />
      </file>
      <file name="G:/WorkSpace/JavaWeb/SSMTest/src/main/resources/mybatis-config.xml" timestamp="1550988409055">
        <mark key="[" line="0" column="0" />
        <mark key="]" line="2" column="53" />
        <mark key="^" line="0" column="0" />
        <mark key="." line="0" column="0" />
      </file>
    </filemarks>
    <jumps>
      <jump line="19" column="45" filename="G:/WorkSpace/JavaWeb/hrms/src/main/java/com/xf/hrms/domain/Admin.java" />
      <jump line="0" column="0" filename="G:/WorkSpace/JavaWeb/hrms/src/main/java/com/xf/hrms/domain/Admin.java" />
      <jump line="55" column="0" filename="G:/WorkSpace/JavaWeb/hrms/src/main/java/com/xf/hrms/domain/Admin.java" />
      <jump line="56" column="17" filename="G:/WorkSpace/JavaWeb/hrms/src/main/java/com/xf/hrms/domain/Admin.java" />
      <jump line="21" column="81" filename="G:/WorkSpace/JavaWeb/hrms/src/main/java/com/xf/hrms/domain/Post.java" />
      <jump line="28" column="0" filename="G:/WorkSpace/JavaWeb/hrms/src/main/java/com/xf/hrms/domain/Post.java" />
      <jump line="29" column="27" filename="G:/WorkSpace/JavaWeb/hrms/src/main/java/com/xf/hrms/domain/Post.java" />
      <jump line="68" column="0" filename="G:/WorkSpace/JavaWeb/hrms/src/main/java/com/xf/hrms/domain/Post.java" />
      <jump line="21" column="27" filename="G:/WorkSpace/JavaWeb/hrms/src/main/java/com/xf/hrms/domain/Department.java" />
      <jump line="44" column="0" filename="G:/WorkSpace/JavaWeb/hrms/src/main/java/com/xf/hrms/domain/Department.java" />
      <jump line="46" column="17" filename="G:/WorkSpace/JavaWeb/hrms/src/main/java/com/xf/hrms/domain/Department.java" />
      <jump line="23" column="27" filename="G:/WorkSpace/JavaWeb/hrms/src/main/java/com/xf/hrms/domain/Position.java" />
      <jump line="46" column="0" filename="G:/WorkSpace/JavaWeb/hrms/src/main/java/com/xf/hrms/domain/Position.java" />
      <jump line="21" column="178" filename="G:/WorkSpace/JavaWeb/hrms/src/main/java/com/xf/hrms/domain/Employee.java" />
      <jump line="33" column="0" filename="G:/WorkSpace/JavaWeb/hrms/src/main/java/com/xf/hrms/domain/Employee.java" />
      <jump line="34" column="27" filename="G:/WorkSpace/JavaWeb/hrms/src/main/java/com/xf/hrms/domain/Employee.java" />
      <jump line="113" column="0" filename="G:/WorkSpace/JavaWeb/hrms/src/main/java/com/xf/hrms/domain/Employee.java" />
      <jump line="10" column="16" filename="G:/WorkSpace/JavaWeb/hrms/src/main/webapp/index.jsp" />
      <jump line="14" column="17" filename="G:/WorkSpace/JavaWeb/hrms/src/main/webapp/WEB-INF/web.xml" />
      <jump line="65" column="0" filename="G:/WorkSpace/JavaWeb/hrms/src/main/webapp/WEB-INF/web.xml" />
    </jumps>
    <registers>
      <register name="0" type="2">
        <text encoding="base64">fCAgIHwgICB8ICAgfCAgICstdmlld3MK</text>
      </register>
      <register name="1" type="2">
        <text encoding="base64">fCAgIHwgICB8ICAgfCAgIC0tbG9naW4uanNwCg==</text>
      </register>
      <register name="&quot;" type="4">
        <text>home</text>
      </register>
      <register name="2" type="2">
        <text encoding="base64">fCAgIHwgICB8ICAgfCAgICstdmlld3MK</text>
      </register>
      <register name="3" type="4">
        <text>@InjectMocks
    private AdminController adminController;</text>
      </register>
      <register name="4" type="2">
        <text encoding="base64">QENvbnRleHRDb25maWd1cmF0aW9uKCIiKQo=</text>
      </register>
      <register name="5" type="4">
        <text>/**
     * 管理员登录
     * @param admin
     * @param request
     * @param session
     * @return
     */
    @RequestMapping(value = &quot;/login&quot;, method = RequestMethod.POST)
    public String login(Admin admin, HttpServletRequest request, HttpSession session){
        Admin result = adminService.login(admin);
        if (result == null){
            request.setAttribute(&quot;admin&quot;, admin);
            request.setAttribute(&quot;errorMsg&quot;, &quot;please check your username and password&quot;);
            return &quot;login&quot;;
        }else {
            session.setAttribute(&quot;currentAdmin&quot;, result);
            session.setAttribute(&quot;username&quot;, result.getUsername());
            return &quot;redirect:home&quot;;
        }
    }

    /**
     * 跳转至home页面
     * @return
     */
    @RequestMapping(&quot;/home&quot;)
    public String home(){
        return &quot;home&quot;;
    }</text>
      </register>
      <register name="6" type="2">
        <text encoding="base64">wLTUtDogyrXR6cKlCsG0vdM6IGh0dHBzOi8vd3d3LnNoaXlhbmxvdS5jb20vY291cnNlcy84MjQKsb6/zrPMxNrI3aOs08nX99XfytrIqMq10enCpbeisryjrM60vq3UytDto6y9+9a516rU2KGiz8LU2Lywt8e3qLSrsqUK</text>
      </register>
      <register name="7" type="2">
        <text encoding="base64">ICAgIH0K</text>
      </register>
      <register name="8" type="2">
        <text encoding="base64">ICAgIHB1YmxpYyBjbGFzcyBEYXRlVXRpbCB7Cg==</text>
      </register>
      <register name="9" type="2">
        <text encoding="base64">ICAgIMC01LQ6IMq10enCpQogICAgwbS90zogaHR0cHM6Ly93d3cuc2hpeWFubG91LmNvbS9jb3Vyc2VzLzgyNAogICAgsb6/zrPMxNrI3aOs08nX99XfytrIqMq10enCpbeisryjrM60vq3UytDto6y9+9a516rU2KGiz8LU2Lywt8e3qLSrsqUK</text>
      </register>
      <register name="-" type="4">
        <text>home</text>
      </register>
    </registers>
    <search>
      <last-dir>0</last-dir>
      <show-last>false</show-last>
    </search>
    <history>
      <history-search />
      <history-cmd />
      <history-expr />
      <history-input />
    </history>
    <shortcut-conflicts>
      <shortcut-conflict owner="vim">
        <text>ctrl pressed R</text>
      </shortcut-conflict>
      <shortcut-conflict owner="vim">
        <text>ctrl pressed V</text>
      </shortcut-conflict>
      <shortcut-conflict owner="vim">
        <text>ctrl pressed D</text>
      </shortcut-conflict>
      <shortcut-conflict owner="vim">
        <text>ctrl pressed A</text>
      </shortcut-conflict>
      <shortcut-conflict owner="vim">
        <text>ctrl pressed C</text>
      </shortcut-conflict>
      <shortcut-conflict owner="vim">
        <text>ctrl pressed X</text>
      </shortcut-conflict>
    </shortcut-conflicts>
  </component>
</application>